{"last-value": 20.062, "sum": 200.12100000000004, "max-value": 20.062, "mean-value": 20.012100000000004, "min-value": 19.937, "count": 10}